"Deck","Topic","Front","Back","Type","Tags","Caveat"
"IA Practitioner","Amazon Bedrock","¿Qué es Amazon Bedrock?","Servicio totalmente administrado que ofrece modelos fundacionales de alto rendimiento para construir aplicaciones de IA generativa en AWS.","basic","deck::ia-practitioner topic::amazon-bedrock card::basic",""
"IA Practitioner","Amazon Bedrock","¿Qué permite hacer Bedrock sin entrenar modelos propios?","Empezar a construir aplicaciones de IA generativa usando modelos fundacionales disponibles.","basic","deck::ia-practitioner topic::amazon-bedrock card::basic",""
"IA Practitioner","Amazon Bedrock","¿Qué se debe hacer antes de usar un modelo base en Bedrock?","Solicitar permiso para el modelo base.","basic","deck::ia-practitioner topic::amazon-bedrock card::basic",""
"IA Practitioner","Amazon Bedrock","¿Qué modelos tienen aprobación inmediata según la fuente?","Modelos Amazon Titan.","basic","deck::ia-practitioner topic::amazon-bedrock card::basic","Según la fuente del curso."
"IA Practitioner","Amazon Bedrock","¿Qué puede pasar con modelos de terceros en Bedrock?","Pueden requerir información adicional y se cobran según tarifas del tercero a través de AWS.","basic","deck::ia-practitioner topic::amazon-bedrock card::basic",""
"IA Practitioner","Amazon Bedrock","Bedrock = {{c1::GenAI administrada con FM}}.","","cloze","deck::ia-practitioner topic::amazon-bedrock card::cloze",""
"IA Practitioner","Amazon Bedrock","¿Qué es fine-tuning en Bedrock?","Ajustar un modelo preentrenado para una tarea específica usando datos adicionales.","basic","deck::ia-practitioner topic::amazon-bedrock card::basic",""
"IA Practitioner","Amazon Bedrock","¿Por qué fine-tuning evita entrenar desde cero?","Porque adapta un modelo preentrenado con menos datos y recursos que reentrenar un FM completo.","basic","deck::ia-practitioner topic::amazon-bedrock card::basic",""
"IA Practitioner","Amazon Bedrock","El formato fuente para fine-tuning usa pares {{c1::prompt}} / {{c2::completion}}.","","cloze","deck::ia-practitioner topic::amazon-bedrock card::cloze",""
"IA Practitioner","Amazon Bedrock","¿Qué es continuous pre-training?","Mejorar modelos preentrenados con datos sin etiquetar para adaptarlos a dominios como finanzas, medicina o derecho.","basic","deck::ia-practitioner topic::amazon-bedrock card::basic",""
"IA Practitioner","Amazon Bedrock","Continuous pre-training usa entradas {{c1::input}} de texto.","","cloze","deck::ia-practitioner topic::amazon-bedrock card::cloze","Según el formato de la fuente."
"IA Practitioner","Amazon Bedrock","¿Qué hace RAG en Bedrock?","Recupera datos empresariales y enriquece el prompt para respuestas más relevantes y precisas.","basic","deck::ia-practitioner topic::amazon-bedrock card::basic",""
"IA Practitioner","Amazon Bedrock","RAG = {{c1::contexto externo sin cambiar el FM}}.","","cloze","deck::ia-practitioner topic::amazon-bedrock card::cloze",""
"IA Practitioner","Amazon Bedrock","¿Qué aportan las bases de conocimiento en Bedrock?","Contexto privado de empresa desde fuentes como S3, SharePoint y web crawler.","basic","deck::ia-practitioner topic::amazon-bedrock card::basic",""
"IA Practitioner","Amazon Bedrock","¿Qué bases vectoriales menciona la fuente para Bedrock?","OpenSearch Service, DocumentDB, Aurora, RDS for PostgreSQL y Neptune.","basic","deck::ia-practitioner topic::amazon-bedrock card::basic",""
"IA Practitioner","Amazon Bedrock","¿Para qué sirven los Guardrails de Bedrock?","Para controles de uso seguro, ético y responsable.","basic","deck::ia-practitioner topic::amazon-bedrock card::basic",""
"IA Practitioner","Amazon Bedrock","Guardrails permiten {{c1::temas denegados}}, {{c2::filtros de contenido}}, {{c3::defensa contra jailbreak/prompt injection}} y {{c4::eliminación de PII/datos sensibles}}.","","cloze","deck::ia-practitioner topic::amazon-bedrock card::cloze",""
"IA Practitioner","Amazon Bedrock","¿Qué son los agentes de Bedrock?","Asistentes que interactúan con usuarios y ejecutan tareas.","basic","deck::ia-practitioner topic::amazon-bedrock card::basic",""
"IA Practitioner","Amazon Bedrock","¿Con qué pueden conectarse los agentes de Bedrock?","Bases de datos, APIs, Lambda y bases de conocimiento.","basic","deck::ia-practitioner topic::amazon-bedrock card::basic",""
"IA Practitioner","Amazon Bedrock","¿Qué permite la evaluación de modelos en Bedrock?","Evaluar, comparar y seleccionar modelos fundacionales.","basic","deck::ia-practitioner topic::amazon-bedrock card::basic",""
"IA Practitioner","Amazon Bedrock","La evaluación automática en Bedrock usa métricas como {{c1::precisión}}, {{c2::robustez}} y {{c3::toxicidad}}.","","cloze","deck::ia-practitioner topic::amazon-bedrock card::cloze",""
"IA Practitioner","Amazon Bedrock","¿Qué tipos de evaluación de modelos menciona Bedrock?","Evaluación automática y evaluación humana.","basic","deck::ia-practitioner topic::amazon-bedrock card::basic",""
"IA Practitioner","Amazon Bedrock","¿Cuántos tipos de tarea se eligen por trabajo de evaluación en Bedrock?","Solo un tipo de tarea.","basic","deck::ia-practitioner topic::amazon-bedrock card::basic",""
"IA Practitioner","Amazon Bedrock","¿Qué métricas de evaluación menciona la fuente para Bedrock?","ROUGE, BLEU y BERTScore.","basic","deck::ia-practitioner topic::amazon-bedrock card::basic",""
"IA Practitioner","Amazon Bedrock","¿Qué modalidad de coste de Bedrock es requerida para modelos personalizados?","Rendimiento aprovisionado.","basic","deck::ia-practitioner topic::amazon-bedrock card::basic","Precios y reglas de coste pueden cambiar con el tiempo."
"IA Practitioner","Amazon Bedrock","En Bedrock, batch genera {{c1::múltiples predicciones}}, salida en {{c2::S3}} y descuentos de hasta {{c3::50%}} según fuente.","","cloze","deck::ia-practitioner topic::amazon-bedrock card::cloze","Precios y descuentos pueden cambiar con el tiempo."
"IA Practitioner","Amazon Comprehend","¿Qué es Amazon Comprehend?","Servicio NLP que usa ML para descubrir información y conexiones valiosas en textos.","basic","deck::ia-practitioner topic::amazon-comprehend card::basic",""
"IA Practitioner","Amazon Comprehend","¿Qué capacidades principales tiene Amazon Comprehend?","Identificar idioma, extraer palabras/frases importantes y analizar sentimiento.","basic","deck::ia-practitioner topic::amazon-comprehend card::basic",""
"IA Practitioner","Amazon Comprehend","Comprehend analiza sentimiento como {{c1::positivo}}, {{c2::negativo}} o {{c3::neutro}}.","","cloze","deck::ia-practitioner topic::amazon-comprehend card::cloze",""
"IA Practitioner","Amazon Comprehend","¿Qué es Amazon Comprehend Medical?","Servicio NLP para textos clínicos no estructurados.","basic","deck::ia-practitioner topic::amazon-comprehend card::basic",""
"IA Practitioner","Amazon Comprehend","¿Qué extrae Comprehend Medical?","Información médica relevante desde notas médicas y resultados de pruebas.","basic","deck::ia-practitioner topic::amazon-comprehend card::basic",""
"IA Practitioner","Amazon Comprehend","¿Dónde guarda resultados Amazon Comprehend Medical?","En buckets S3.","basic","deck::ia-practitioner topic::amazon-comprehend card::basic",""
"IA Practitioner","Amazon Comprehend","¿Qué servicio elegir para entender sentimiento, idioma o frases clave en texto?","Amazon Comprehend.","scenario","deck::ia-practitioner topic::amazon-comprehend card::scenario",""
"IA Practitioner","Amazon Comprehend","¿Cuál es la diferencia clave entre Comprehend y Translate?","Comprehend entiende o extrae información del texto; Translate traduce.","basic","deck::ia-practitioner topic::amazon-comprehend card::basic",""
"IA Practitioner","Amazon Kendra","¿Qué es Amazon Kendra?","Servicio de búsqueda empresarial con NLP.","basic","deck::ia-practitioner topic::amazon-kendra card::basic",""
"IA Practitioner","Amazon Kendra","¿Qué permite buscar Amazon Kendra?","Repositorios de contenido mediante conectores integrados.","basic","deck::ia-practitioner topic::amazon-kendra card::basic",""
"IA Practitioner","Amazon Kendra","¿Desde qué tipos de contenido puede extraer respuestas Kendra?","Textos, PDFs, HTML, PowerPoint, Microsoft Word, FAQs, etc.","basic","deck::ia-practitioner topic::amazon-kendra card::basic",""
"IA Practitioner","Amazon Kendra","Flujo de Kendra: usuarios hacen {{c1::consulta NLP}}, Kendra consulta {{c2::fuentes de datos}} y devuelve {{c3::resultados/respuestas}}.","","cloze","deck::ia-practitioner topic::amazon-kendra card::cloze",""
"IA Practitioner","Amazon Kendra","¿Qué servicio usar para búsqueda empresarial inteligente sobre repositorios internos?","Amazon Kendra.","scenario","deck::ia-practitioner topic::amazon-kendra card::scenario",""
"IA Practitioner","Amazon Kendra","¿Con qué puede integrarse Amazon Q Business para usar datos empresariales?","Amazon Kendra.","basic","deck::ia-practitioner topic::amazon-kendra card::basic",""
"IA Practitioner","Amazon Lex & Connect","¿Qué es Amazon Lex?","Servicio para construir interfaces conversacionales y bots de voz/texto usando ASR y NLU.","basic","deck::ia-practitioner topic::amazon-lex-connect card::basic",""
"IA Practitioner","Amazon Lex & Connect","¿Qué hace ASR en Amazon Lex?","Convierte habla en texto.","basic","deck::ia-practitioner topic::amazon-lex-connect card::basic",""
"IA Practitioner","Amazon Lex & Connect","¿Qué hace NLU en Amazon Lex?","Reconoce la intención detrás del texto y las llamadas.","basic","deck::ia-practitioner topic::amazon-lex-connect card::basic",""
"IA Practitioner","Amazon Lex & Connect","¿Qué es Amazon Connect?","Centro de contacto en la nube.","basic","deck::ia-practitioner topic::amazon-lex-connect card::basic",""
"IA Practitioner","Amazon Lex & Connect","¿Qué herramientas proporciona Amazon Connect?","Llamadas, chat, gestión de agentes y análisis de interacciones con clientes.","basic","deck::ia-practitioner topic::amazon-lex-connect card::basic",""
"IA Practitioner","Amazon Lex & Connect","En Lex & Connect, Connect gestiona {{c1::la llamada/interacción}} y Lex interactúa mediante {{c2::ASR y NLU}}.","","cloze","deck::ia-practitioner topic::amazon-lex-connect card::cloze",""
"IA Practitioner","Amazon Lex & Connect","¿Para qué puede usarse AWS Lambda en el flujo Lex & Connect?","Para ejecutar lógica adicional, como consultar o modificar sistemas externos.","basic","deck::ia-practitioner topic::amazon-lex-connect card::basic",""
"IA Practitioner","Amazon Lex & Connect","Escenario: llamada/chat, intención del usuario y centro de contacto. ¿Qué servicios pensar?","Amazon Lex & Connect.","scenario","deck::ia-practitioner topic::amazon-lex-connect card::scenario",""
"IA Practitioner","Amazon Lex & Connect","¿Qué aporta Amazon Q para Amazon Connect?","Mejora interacciones de clientes y ofrece respuestas automatizadas más precisas.","basic","deck::ia-practitioner topic::amazon-lex-connect card::basic",""
"IA Practitioner","Amazon Personalize","¿Qué es Amazon Personalize?","Servicio para construir aplicaciones con recomendaciones personalizadas en tiempo real.","basic","deck::ia-practitioner topic::amazon-personalize card::basic",""
"IA Practitioner","Amazon Personalize","¿Dónde se puede integrar Amazon Personalize según la fuente?","Sitios web existentes, aplicaciones, SMS y sistemas de marketing por correo electrónico.","basic","deck::ia-practitioner topic::amazon-personalize card::basic",""
"IA Practitioner","Amazon Personalize","¿Qué servicio elegir para recomendaciones basadas en historial de compras?","Amazon Personalize.","scenario","deck::ia-practitioner topic::amazon-personalize card::scenario",""
"IA Practitioner","Amazon Personalize","¿Qué señales de escenario apuntan a Amazon Personalize?","Historial, preferencias, productos o contenido recomendado.","scenario","deck::ia-practitioner topic::amazon-personalize card::scenario",""
"IA Practitioner","Amazon Polly","¿Qué es Amazon Polly?","Servicio que convierte texto en voz similar a voz humana.","basic","deck::ia-practitioner topic::amazon-polly card::basic",""
"IA Practitioner","Amazon Polly","¿Qué ofrece Amazon Polly para crear aplicaciones activadas por voz?","Un conjunto amplio de idiomas y voces realistas.","basic","deck::ia-practitioner topic::amazon-polly card::basic",""
"IA Practitioner","Amazon Polly","¿Qué servicio elegir para convertir artículos o texto en audio?","Amazon Polly.","scenario","deck::ia-practitioner topic::amazon-polly card::scenario",""
"IA Practitioner","Amazon Polly","Polly = {{c1::text-to-speech}}; Transcribe = {{c2::speech-to-text}}.","","cloze","deck::ia-practitioner topic::amazon-polly card::cloze",""
"IA Practitioner","Amazon Q","¿Qué es Amazon Q?","Asistente basado en IA generativa para acelerar desarrollo de software y aprovechar datos internos empresariales.","basic","deck::ia-practitioner topic::amazon-q card::basic",""
"IA Practitioner","Amazon Q","¿Qué productos de Amazon Q menciona la fuente?","Amazon Q Business, Amazon Q Apps y Amazon Q Developer.","basic","deck::ia-practitioner topic::amazon-q card::basic",""
"IA Practitioner","Amazon Q","¿Con qué servicios puede integrarse Amazon Q según la fuente?","QuickSight, Amazon Connect y AWS Supply Chain.","basic","deck::ia-practitioner topic::amazon-q card::basic",""
"IA Practitioner","Amazon Q","¿Qué indica la fuente sobre contenido en Q Developer Pro o Q Business?","Que el contenido no se usa para mejorar modelos subyacentes para otros.","basic","deck::ia-practitioner topic::amazon-q card::basic",""
"IA Practitioner","Amazon Q","¿Qué es Amazon Q Business?","Entorno de chat interactivo para usuarios finales de la organización con datos empresariales y permisos.","basic","deck::ia-practitioner topic::amazon-q card::basic",""
"IA Practitioner","Amazon Q","Q Business filtra respuestas generativas según {{c1::permisos de usuario y grupo}}.","","cloze","deck::ia-practitioner topic::amazon-q card::cloze",""
"IA Practitioner","Amazon Q","¿Qué hacen los conectores de Amazon Q?","Sincronizan datos desde repositorios de contenido.","basic","deck::ia-practitioner topic::amazon-q card::basic",""
"IA Practitioner","Amazon Q","¿Qué permiten los plugins de Amazon Q?","Acciones como crear tickets, incidentes, bugs o casos en sistemas externos.","basic","deck::ia-practitioner topic::amazon-q card::basic",""
"IA Practitioner","Amazon Q","¿Qué es Amazon Q Apps?","Servicio para crear aplicaciones sin programación desde conversaciones o requisitos en lenguaje natural.","basic","deck::ia-practitioner topic::amazon-q card::basic",""
"IA Practitioner","Amazon Q","¿Qué es Amazon Q Developer?","Asistente para desarrollo con sugerencias de código, automatización, refactorización, documentación, modernización, seguridad y optimización.","basic","deck::ia-practitioner topic::amazon-q card::basic","La fuente lo menciona como formalmente CodeWhisperer."
"IA Practitioner","Amazon Q","¿Qué servicio Q usar para chat con datos empresariales y permisos?","Amazon Q Business.","scenario","deck::ia-practitioner topic::amazon-q card::scenario",""
"IA Practitioner","Amazon Q","¿Qué servicio Q usar para apps sin código desde lenguaje natural?","Amazon Q Apps.","scenario","deck::ia-practitioner topic::amazon-q card::scenario",""
"IA Practitioner","Amazon Q","¿Qué servicio Q usar para asistencia en IDE/CLI y seguridad de código?","Amazon Q Developer.","scenario","deck::ia-practitioner topic::amazon-q card::scenario",""
"IA Practitioner","Amazon Rekognition","¿Qué es Amazon Rekognition?","Servicio para reconocimiento de imágenes y análisis de videos.","basic","deck::ia-practitioner topic::amazon-rekognition card::basic",""
"IA Practitioner","Amazon Rekognition","¿Qué logra Rekognition en análisis multimedia?","Automatiza y reduce coste de análisis multimedia, integra análisis avanzado, escala y se paga según uso.","basic","deck::ia-practitioner topic::amazon-rekognition card::basic",""
"IA Practitioner","Amazon Rekognition","¿Qué casos de uso menciona Rekognition?","Verificación de identidad, moderación, análisis en tiempo real, objetos, texto y etiquetas personalizadas.","basic","deck::ia-practitioner topic::amazon-rekognition card::basic",""
"IA Practitioner","Amazon Rekognition","Rekognition detecta contenido {{c1::inapropiado}}, {{c2::no deseado}} u {{c3::ofensivo}} automáticamente.","","cloze","deck::ia-practitioner topic::amazon-rekognition card::cloze",""
"IA Practitioner","Amazon Rekognition","¿Para qué sirven los adaptadores de moderación personalizados en Rekognition?","Para mejorar precisión y adaptarse a casos específicos con imágenes etiquetadas.","basic","deck::ia-practitioner topic::amazon-rekognition card::basic",""
"IA Practitioner","Amazon Rekognition","¿Con qué se integra Rekognition para revisión humana cuando hay dudas?","Amazon Augmented AI (A2I).","basic","deck::ia-practitioner topic::amazon-rekognition card::basic",""
"IA Practitioner","Amazon Rekognition","Escenario: detectar objetos, rostros, texto en imagen, etiquetas o moderación multimedia. ¿Qué servicio?","Amazon Rekognition.","scenario","deck::ia-practitioner topic::amazon-rekognition card::scenario",""
"IA Practitioner","Amazon Rekognition","¿Cómo diferenciar Rekognition de Textract?","Rekognition analiza imágenes/video; Textract entiende documentos escaneados.","basic","deck::ia-practitioner topic::amazon-rekognition card::basic",""
"IA Practitioner","Amazon SageMaker","¿Qué es Amazon SageMaker?","Servicio totalmente gestionado de Machine Learning para construir, entrenar y desplegar modelos de ML de forma rápida y segura.","basic","deck::ia-practitioner topic::amazon-sagemaker card::basic",""
"IA Practitioner","Amazon SageMaker","¿Qué frameworks y algoritmos soporta SageMaker según la fuente?","TensorFlow, PyTorch, MXNet, entre otros.","basic","deck::ia-practitioner topic::amazon-sagemaker card::basic",""
"IA Practitioner","Amazon SageMaker","¿Cómo permite SageMaker usar algoritmos propios?","Trayéndolos en contenedores Docker.","basic","deck::ia-practitioner topic::amazon-sagemaker card::basic",""
"IA Practitioner","Amazon SageMaker","Flujo típico de ML: {{c1::datos}}, {{c2::limpieza/preparación}}, {{c3::modelo}}, {{c4::entrenamiento}}, {{c5::evaluación}}, {{c6::despliegue}}, {{c7::monitoreo continuo}}.","","cloze","deck::ia-practitioner topic::amazon-sagemaker card::cloze",""
"IA Practitioner","Amazon SageMaker","¿Qué es SageMaker Studio?","Interfaz unificada para desarrollar, entrenar, desplegar y monitorizar modelos.","basic","deck::ia-practitioner topic::amazon-sagemaker card::basic",""
"IA Practitioner","Amazon SageMaker","¿Qué es SageMaker Data Wrangler?","Herramienta para preparar datos para ML con interfaz visual y lenguaje natural.","basic","deck::ia-practitioner topic::amazon-sagemaker card::basic",""
"IA Practitioner","Amazon SageMaker","¿Qué informes de calidad genera Data Wrangler?","Faltantes, duplicados y anomalías.","basic","deck::ia-practitioner topic::amazon-sagemaker card::basic",""
"IA Practitioner","Amazon SageMaker","¿Qué es SageMaker Feature Store?","Repositorio centralizado para almacenar, compartir y gestionar características para modelos ML.","basic","deck::ia-practitioner topic::amazon-sagemaker card::basic",""
"IA Practitioner","Amazon SageMaker","Feature Store soporta almacenamiento {{c1::offline para entrenamiento}} y {{c2::online para inferencia en tiempo real}}.","","cloze","deck::ia-practitioner topic::amazon-sagemaker card::cloze",""
"IA Practitioner","Amazon SageMaker","¿Qué hace Automatic Model Tuning (AMT)?","Optimiza automáticamente hiperparámetros y ejecuta experimentos en paralelo.","basic","deck::ia-practitioner topic::amazon-sagemaker card::basic",""
"IA Practitioner","Amazon SageMaker","Inferencia en tiempo real = {{c1::baja latencia}}; batch = {{c2::grandes volúmenes sin respuesta inmediata}}; asincrónica = {{c3::solicitudes largas sin respuesta inmediata}}.","","cloze","deck::ia-practitioner topic::amazon-sagemaker card::cloze",""
"IA Practitioner","Amazon SageMaker","¿Qué hace SageMaker Model Monitor?","Monitorea modelos en producción, captura estadísticas, anomalías y deriva, y envía alertas con CloudWatch.","basic","deck::ia-practitioner topic::amazon-sagemaker card::basic",""
"IA Practitioner","Amazon SageMaker","Model Monitor detecta {{c1::data drift}}, {{c2::calidad de datos}}, {{c3::desempeño}}, {{c4::sesgo}} y {{c5::deriva de explicabilidad}}.","","cloze","deck::ia-practitioner topic::amazon-sagemaker card::cloze",""
"IA Practitioner","Amazon SageMaker","¿Qué es SageMaker Model Registry?","Almacén central para modelos versionados con aprobaciones, control de acceso y auditoría.","basic","deck::ia-practitioner topic::amazon-sagemaker card::basic",""
"IA Practitioner","Amazon SageMaker","¿Qué hace SageMaker Pipelines?","Gestiona flujos de trabajo de ML desde preprocesamiento hasta despliegue.","basic","deck::ia-practitioner topic::amazon-sagemaker card::basic",""
"IA Practitioner","Amazon SageMaker","¿Qué hace SageMaker Role Manager?","Facilita creación y gestión de roles IAM específicos para SageMaker con plantillas y permisos granulares.","basic","deck::ia-practitioner topic::amazon-sagemaker card::basic",""
"IA Practitioner","Amazon SageMaker","¿Qué documentan SageMaker Model Cards?","Propósito, datos, métricas, limitaciones y detalles críticos del modelo.","basic","deck::ia-practitioner topic::amazon-sagemaker card::basic",""
"IA Practitioner","Amazon SageMaker","JumpStart = {{c1::modelos y soluciones preconfiguradas}}; Canvas = {{c2::modelos sin programación}}; Clarify = {{c3::sesgo y explicabilidad}}; Ground Truth = {{c4::etiquetado humano/datasets}}.","","cloze","deck::ia-practitioner topic::amazon-sagemaker card::cloze",""
"IA Practitioner","Amazon Textract","¿Qué es Amazon Textract?","Servicio que extrae automáticamente texto, escritura a mano y datos de documentos escaneados.","basic","deck::ia-practitioner topic::amazon-textract card::basic",""
"IA Practitioner","Amazon Textract","¿Qué tipos de documentos procesa Textract?","PDFs e imágenes.","basic","deck::ia-practitioner topic::amazon-textract card::basic",""
"IA Practitioner","Amazon Textract","¿Qué casos de uso menciona Textract?","Facturas, reportes financieros, registros médicos, reclamaciones, formularios de impuestos, identificaciones y pasaportes.","basic","deck::ia-practitioner topic::amazon-textract card::basic",""
"IA Practitioner","Amazon Textract","¿Qué servicio elegir para extraer texto/datos de documentos escaneados?","Amazon Textract.","scenario","deck::ia-practitioner topic::amazon-textract card::scenario",""
"IA Practitioner","Amazon Textract","¿Cómo diferenciar Textract de Rekognition?","Textract entiende documentos escaneados; Rekognition analiza imágenes/video.","basic","deck::ia-practitioner topic::amazon-textract card::basic",""
"IA Practitioner","Amazon Transcribe","¿Qué es Amazon Transcribe?","Servicio ASR que convierte audio en texto con modelos avanzados de ML.","basic","deck::ia-practitioner topic::amazon-transcribe card::basic",""
"IA Practitioner","Amazon Transcribe","¿Qué modos de uso tiene Transcribe?","Transcripciones en tiempo real y transcripciones por lotes de archivos almacenados, por ejemplo en S3.","basic","deck::ia-practitioner topic::amazon-transcribe card::basic",""
"IA Practitioner","Amazon Transcribe","¿Qué capacidades menciona Amazon Transcribe?","Elimina automáticamente PII e identifica idiomas en audio multilingüe.","basic","deck::ia-practitioner topic::amazon-transcribe card::basic",""
"IA Practitioner","Amazon Transcribe","¿Qué es Amazon Transcribe Medical?","Servicio optimizado para salud que convierte habla médica en texto en tiempo real.","basic","deck::ia-practitioner topic::amazon-transcribe card::basic",""
"IA Practitioner","Amazon Transcribe","Transcribe Medical entrega {{c1::puntuación automática}}, {{c2::marcas de tiempo por palabra}} y {{c3::puntuaciones de confianza}}.","","cloze","deck::ia-practitioner topic::amazon-transcribe card::cloze",""
"IA Practitioner","Amazon Transcribe","¿Con qué servicio se integra Amazon Transcribe Medical?","Amazon Comprehend Medical.","basic","deck::ia-practitioner topic::amazon-transcribe card::basic",""
"IA Practitioner","Amazon Transcribe","¿Qué servicio elegir para dictado de notas médicas o transcripción de consultas?","Amazon Transcribe Medical.","scenario","deck::ia-practitioner topic::amazon-transcribe card::scenario",""
"IA Practitioner","Amazon Transcribe","Transcribe = {{c1::speech-to-text}}; Polly = {{c2::text-to-speech}}.","","cloze","deck::ia-practitioner topic::amazon-transcribe card::cloze",""
"IA Practitioner","Amazon Translate","¿Qué es Amazon Translate?","Servicio de traducción automática neuronal.","basic","deck::ia-practitioner topic::amazon-translate card::basic",""
"IA Practitioner","Amazon Translate","¿Qué características menciona Amazon Translate?","Traducción rápida, de alta calidad, asequible y personalizable.","basic","deck::ia-practitioner topic::amazon-translate card::basic",""
"IA Practitioner","Amazon Translate","¿Cuántos idiomas soporta Translate según la fuente?","Más de 70 idiomas.","basic","deck::ia-practitioner topic::amazon-translate card::basic","Según la fuente; puede cambiar con el tiempo."
"IA Practitioner","Amazon Translate","¿Con qué herramientas AWS se integra Translate según la fuente?","Amazon S3 y AWS Lambda.","basic","deck::ia-practitioner topic::amazon-translate card::basic",""
"IA Practitioner","Amazon Translate","Funcionamiento básico de Translate: entrada en {{c1::idioma origen}}, procesa traducción y salida en {{c2::idioma destino}}.","","cloze","deck::ia-practitioner topic::amazon-translate card::cloze",""
"IA Practitioner","Amazon Translate","¿Qué servicio elegir para traducir texto entre idiomas?","Amazon Translate.","scenario","deck::ia-practitioner topic::amazon-translate card::scenario",""
"IA Practitioner","Amazon Translate","¿Cómo diferenciar Translate de Comprehend?","Translate traduce; Comprehend entiende o extrae información del texto.","basic","deck::ia-practitioner topic::amazon-translate card::basic",""
"IA Practitioner","Fundamentos de Prompt Engineering","¿Qué es un prompt?","Instrucción dada a un modelo de lenguaje para guiar respuesta o comportamiento.","basic","deck::ia-practitioner topic::fundamentos-de-prompt-engineering card::basic",""
"IA Practitioner","Fundamentos de Prompt Engineering","¿Qué es Prompt Engineering?","Disciplina para desarrollar y optimizar prompts.","basic","deck::ia-practitioner topic::fundamentos-de-prompt-engineering card::basic",""
"IA Practitioner","Fundamentos de Prompt Engineering","¿Para qué ayuda Prompt Engineering respecto a los LLM?","A entender capacidades y limitaciones de LLM.","basic","deck::ia-practitioner topic::fundamentos-de-prompt-engineering card::basic",""
"IA Practitioner","Fundamentos de Prompt Engineering","Elementos de un prompt: {{c1::contexto}}, {{c2::datos de entrada}}, {{c3::instrucción}} e {{c4::indicador de salida}}.","","cloze","deck::ia-practitioner topic::fundamentos-de-prompt-engineering card::cloze",""
"IA Practitioner","Fundamentos de Prompt Engineering","¿Todos los componentes son necesarios en todos los prompts?","No; no todos los componentes son necesarios en todos los prompts.","basic","deck::ia-practitioner topic::fundamentos-de-prompt-engineering card::basic",""
"IA Practitioner","Fundamentos de Prompt Engineering","¿Qué hace un prompt optimizado?","Guía al LLM para respuestas más relevantes y precisas.","basic","deck::ia-practitioner topic::fundamentos-de-prompt-engineering card::basic",""
"IA Practitioner","Fundamentos de Prompt Engineering","¿Qué es prompting negativo?","Técnica para indicar qué evitar al generar contenido.","basic","deck::ia-practitioner topic::fundamentos-de-prompt-engineering card::basic",""
"IA Practitioner","Fundamentos de Prompt Engineering","¿Por qué prompting negativo reduce iteraciones?","Porque elimina desde el inicio elementos no deseados.","basic","deck::ia-practitioner topic::fundamentos-de-prompt-engineering card::basic",""
"IA Practitioner","Fundamentos de Prompt Engineering","Zero-shot = {{c1::tarea sin ejemplos}}; few-shot = {{c2::algunos ejemplos}}; one-shot = {{c3::un ejemplo}}.","","cloze","deck::ia-practitioner topic::fundamentos-de-prompt-engineering card::cloze",""
"IA Practitioner","Fundamentos de Prompt Engineering","¿Qué es Chain of Thought (CoT)?","Razonamiento paso a paso para tareas complejas.","basic","deck::ia-practitioner topic::fundamentos-de-prompt-engineering card::basic",""
"IA Practitioner","Fundamentos de Prompt Engineering","¿Qué define el system prompt?","El comportamiento del modelo.","basic","deck::ia-practitioner topic::fundamentos-de-prompt-engineering card::basic",""
"IA Practitioner","Fundamentos de Prompt Engineering","Temperatura controla {{c1::creatividad y diversidad}}.","","cloze","deck::ia-practitioner topic::fundamentos-de-prompt-engineering card::cloze",""
"IA Practitioner","Fundamentos de Prompt Engineering","Top P selecciona entre {{c1::palabras más probables}}; valores altos permiten {{c2::variedad}}.","","cloze","deck::ia-practitioner topic::fundamentos-de-prompt-engineering card::cloze",""
"IA Practitioner","Fundamentos de Prompt Engineering","Top K limita {{c1::número de opciones}}; valores bajos generan respuestas más {{c2::coherentes}}.","","cloze","deck::ia-practitioner topic::fundamentos-de-prompt-engineering card::cloze",""
"IA Practitioner","Fundamentos de Prompt Engineering","¿Qué es longitud máxima en configuración de prompt?","Tamaño máximo de respuesta.","basic","deck::ia-practitioner topic::fundamentos-de-prompt-engineering card::basic",""
"IA Practitioner","Fundamentos de Prompt Engineering","¿Qué son secuencias de detención?","Indicaciones de cuándo detener la generación.","basic","deck::ia-practitioner topic::fundamentos-de-prompt-engineering card::basic",""
"IA Practitioner","Fundamentos de Prompt Engineering","¿Qué es latencia?","Tiempo de procesamiento y respuesta.","basic","deck::ia-practitioner topic::fundamentos-de-prompt-engineering card::basic",""
"IA Practitioner","Fundamentos de Prompt Engineering","Factores de latencia: {{c1::tamaño de modelo}}, {{c2::tipo de modelo}}, {{c3::tokens de entrada}} y {{c4::tokens de salida}}.","","cloze","deck::ia-practitioner topic::fundamentos-de-prompt-engineering card::cloze",""
"IA Practitioner","Fundamentos de Prompt Engineering","¿Qué configuraciones no afectan latencia según la fuente?","Top P, Top K y temperatura.","basic","deck::ia-practitioner topic::fundamentos-de-prompt-engineering card::basic","Según la fuente del curso."
"IA Practitioner","Fundamentos de Prompt Engineering","Buenas prácticas de prompt: ser {{c1::claro y específico}}, indicar {{c2::longitud}}, incluir {{c3::contexto}}, evitar preguntas {{c4::amplias}} y especificar {{c5::formato}}.","","cloze","deck::ia-practitioner topic::fundamentos-de-prompt-engineering card::cloze",""
"IA Practitioner","Fundamentos de Prompt Engineering","¿Qué es una alucinación?","Afirmación creíble pero incorrecta o inventada.","basic","deck::ia-practitioner topic::fundamentos-de-prompt-engineering card::basic",""
"IA Practitioner","Fundamentos de Prompt Engineering","¿Qué es prompt injection?","Manipulación maliciosa de la entrada para cambiar el comportamiento del modelo.","basic","deck::ia-practitioner topic::fundamentos-de-prompt-engineering card::basic",""
"IA Practitioner","Fundamentos de Prompt Engineering","¿Qué es prompt leaking?","Divulgación no intencional de prompts o entradas internas.","basic","deck::ia-practitioner topic::fundamentos-de-prompt-engineering card::basic",""
"IA Practitioner","Fundamentos de Prompt Engineering","¿Qué es jailbreaking?","Manipulación para ignorar medidas de seguridad.","basic","deck::ia-practitioner topic::fundamentos-de-prompt-engineering card::basic",""
"IA Practitioner","Fundamentos de Prompt Engineering","¿Prompt Engineering entrena el modelo?","No; diseña instrucciones.","basic","deck::ia-practitioner topic::fundamentos-de-prompt-engineering card::basic",""
"IA Practitioner","Responsabilidad, Cumplimiento, Gobernanza y Seguridad en IA","¿Qué es seguridad en IA?","Protección contra amenazas, vulnerabilidades y accesos no autorizados para un funcionamiento confiable y seguro.","basic","deck::ia-practitioner topic::responsabilidad-cumplimiento-gobernanza-y-seguridad-en-ia card::basic",""
"IA Practitioner","Responsabilidad, Cumplimiento, Gobernanza y Seguridad en IA","¿Qué riesgos evita la seguridad en IA?","Riesgos que comprometan integridad o privacidad de datos.","basic","deck::ia-practitioner topic::responsabilidad-cumplimiento-gobernanza-y-seguridad-en-ia card::basic",""
"IA Practitioner","Responsabilidad, Cumplimiento, Gobernanza y Seguridad en IA","¿Qué es gobernanza en IA?","Políticas, directrices y mecanismos de supervisión para gestionar IA según objetivos organizacionales.","basic","deck::ia-practitioner topic::responsabilidad-cumplimiento-gobernanza-y-seguridad-en-ia card::basic",""
"IA Practitioner","Responsabilidad, Cumplimiento, Gobernanza y Seguridad en IA","¿Qué busca mejorar la gobernanza en IA?","La confianza y el aporte de valor.","basic","deck::ia-practitioner topic::responsabilidad-cumplimiento-gobernanza-y-seguridad-en-ia card::basic",""
"IA Practitioner","Responsabilidad, Cumplimiento, Gobernanza y Seguridad en IA","¿Qué es responsabilidad en IA?","Desarrollo y uso transparente, justo y ético.","basic","deck::ia-practitioner topic::responsabilidad-cumplimiento-gobernanza-y-seguridad-en-ia card::basic",""
"IA Practitioner","Responsabilidad, Cumplimiento, Gobernanza y Seguridad en IA","Responsabilidad en IA incluye {{c1::evaluación de riesgos}}, {{c2::mitigación de sesgos}} y {{c3::prevención de daños no intencionados}}.","","cloze","deck::ia-practitioner topic::responsabilidad-cumplimiento-gobernanza-y-seguridad-en-ia card::cloze",""
"IA Practitioner","Responsabilidad, Cumplimiento, Gobernanza y Seguridad en IA","La responsabilidad en IA debe considerarse en {{c1::diseño}}, {{c2::desarrollo}}, {{c3::despliegue}}, {{c4::monitoreo}} y {{c5::evaluación}}.","","cloze","deck::ia-practitioner topic::responsabilidad-cumplimiento-gobernanza-y-seguridad-en-ia card::cloze",""
"IA Practitioner","Responsabilidad, Cumplimiento, Gobernanza y Seguridad en IA","¿Qué es cumplimiento en IA?","Adhesión a leyes, normativas y estándares para operar dentro de marcos legales y éticos.","basic","deck::ia-practitioner topic::responsabilidad-cumplimiento-gobernanza-y-seguridad-en-ia card::basic",""
"IA Practitioner","Responsabilidad, Cumplimiento, Gobernanza y Seguridad en IA","Dimensiones de IA responsable incluyen {{c1::equidad}}, {{c2::explicabilidad}}, {{c3::privacidad y seguridad}}, {{c4::control}}, {{c5::veracidad y solidez}}, {{c6::gobernanza}} y {{c7::transparencia}}.","","cloze","deck::ia-practitioner topic::responsabilidad-cumplimiento-gobernanza-y-seguridad-en-ia card::cloze",""
"IA Practitioner","Responsabilidad, Cumplimiento, Gobernanza y Seguridad en IA","¿Qué servicio AWS ayuda a detectar/mitigar sesgos y explicar predicciones?","SageMaker Clarify.","scenario","deck::ia-practitioner topic::responsabilidad-cumplimiento-gobernanza-y-seguridad-en-ia card::scenario",""
"IA Practitioner","Responsabilidad, Cumplimiento, Gobernanza y Seguridad en IA","¿Qué herramienta AWS ayuda a detectar predicciones inexactas y problemas de modelo?","SageMaker Model Monitor.","scenario","deck::ia-practitioner topic::responsabilidad-cumplimiento-gobernanza-y-seguridad-en-ia card::scenario",""
"IA Practitioner","Responsabilidad, Cumplimiento, Gobernanza y Seguridad en IA","¿Qué servicio se usa para revisión humana cuando sea necesario?","Amazon Augmented AI.","scenario","deck::ia-practitioner topic::responsabilidad-cumplimiento-gobernanza-y-seguridad-en-ia card::scenario",""
"IA Practitioner","Responsabilidad, Cumplimiento, Gobernanza y Seguridad en IA","¿Qué documentan las AWS AI Service Cards?","Casos de uso previstos, equidad, diseño responsable, mejores prácticas y rendimiento.","basic","deck::ia-practitioner topic::responsabilidad-cumplimiento-gobernanza-y-seguridad-en-ia card::basic",""
"IA Practitioner","Responsabilidad, Cumplimiento, Gobernanza y Seguridad en IA","¿Qué prohíbe la Responsible AI Policy según la fuente?","Desinformación, violación de privacidad, suplantación, abuso o daños.","basic","deck::ia-practitioner topic::responsabilidad-cumplimiento-gobernanza-y-seguridad-en-ia card::basic",""
"IA Practitioner","Responsabilidad, Cumplimiento, Gobernanza y Seguridad en IA","Para decisiones importantes se deben implementar {{c1::guardrails}} y {{c2::pruebas humanas}}.","","cloze","deck::ia-practitioner topic::responsabilidad-cumplimiento-gobernanza-y-seguridad-en-ia card::cloze",""
"IA Practitioner","Responsabilidad, Cumplimiento, Gobernanza y Seguridad en IA","¿De qué son responsables los usuarios respecto a salidas probabilísticas o inexactas?","De evaluar precisión y adecuación de las salidas.","basic","deck::ia-practitioner topic::responsabilidad-cumplimiento-gobernanza-y-seguridad-en-ia card::basic",""
"IA Practitioner","Responsabilidad, Cumplimiento, Gobernanza y Seguridad en IA","¿Qué estándares/regulaciones menciona la fuente?","ISO 42001, SOC 2, leyes de responsabilidad algorítmica, GDPR, EEOC y NIST.","basic","deck::ia-practitioner topic::responsabilidad-cumplimiento-gobernanza-y-seguridad-en-ia card::basic",""
"IA Practitioner","Responsabilidad, Cumplimiento, Gobernanza y Seguridad en IA","¿Cómo apoyan SageMaker Model Cards al cumplimiento?","Documentan origen de datos, fuentes, licencias, sesgos, pruebas y consideraciones para transparencia, cumplimiento y auditoría.","basic","deck::ia-practitioner topic::responsabilidad-cumplimiento-gobernanza-y-seguridad-en-ia card::basic",""
"IA Practitioner","Responsabilidad, Cumplimiento, Gobernanza y Seguridad en IA","Ciclo de vida de datos: {{c1::creación}}, {{c2::almacenamiento}}, {{c3::uso/procesamiento}}, {{c4::transferencia}}, {{c5::archivado}} y {{c6::eliminación}}.","","cloze","deck::ia-practitioner topic::responsabilidad-cumplimiento-gobernanza-y-seguridad-en-ia card::cloze",""
"IA Practitioner","Responsabilidad, Cumplimiento, Gobernanza y Seguridad en IA","¿Qué es residencia de datos?","Almacenar datos en regiones que cumplen regulación local.","basic","deck::ia-practitioner topic::responsabilidad-cumplimiento-gobernanza-y-seguridad-en-ia card::basic",""
"IA Practitioner","Responsabilidad, Cumplimiento, Gobernanza y Seguridad en IA","¿Qué implica retención de datos?","Conservar datos solo el tiempo necesario.","basic","deck::ia-practitioner topic::responsabilidad-cumplimiento-gobernanza-y-seguridad-en-ia card::basic",""
"IA Practitioner","Responsabilidad, Cumplimiento, Gobernanza y Seguridad en IA","Defensa en profundidad incluye {{c1::políticas}}, {{c2::físico}}, {{c3::perímetro}}, {{c4::redes}}, {{c5::hosts}}, {{c6::aplicaciones}} y {{c7::datos}}.","","cloze","deck::ia-practitioner topic::responsabilidad-cumplimiento-gobernanza-y-seguridad-en-ia card::cloze",""
"IA Practitioner","Responsabilidad, Cumplimiento, Gobernanza y Seguridad en IA","¿Qué servicio es fundamental para control de acceso y mínimo privilegio?","IAM.","scenario","deck::ia-practitioner topic::responsabilidad-cumplimiento-gobernanza-y-seguridad-en-ia card::scenario",""
"IA Practitioner","Responsabilidad, Cumplimiento, Gobernanza y Seguridad en IA","¿Qué ayuda a identificar y responder ataques?","GuardDuty.","scenario","deck::ia-practitioner topic::responsabilidad-cumplimiento-gobernanza-y-seguridad-en-ia card::scenario",""
"IA Practitioner","Responsabilidad, Cumplimiento, Gobernanza y Seguridad en IA","¿Qué protege el cifrado en reposo?","Datos almacenados.","basic","deck::ia-practitioner topic::responsabilidad-cumplimiento-gobernanza-y-seguridad-en-ia card::basic",""
"IA Practitioner","Responsabilidad, Cumplimiento, Gobernanza y Seguridad en IA","¿Qué protege el cifrado en tránsito?","Datos entre sistemas.","basic","deck::ia-practitioner topic::responsabilidad-cumplimiento-gobernanza-y-seguridad-en-ia card::basic",""
"IA Practitioner","Responsabilidad, Cumplimiento, Gobernanza y Seguridad en IA","AWS Config = {{c1::audita y monitorea configuraciones}}; CloudTrail = {{c2::registra actividad API}}; Audit Manager = {{c3::recopila evidencia}}; Artifact = {{c4::informes/acuerdos}}.","","cloze","deck::ia-practitioner topic::responsabilidad-cumplimiento-gobernanza-y-seguridad-en-ia card::cloze",""
"IA Practitioner","Responsabilidad, Cumplimiento, Gobernanza y Seguridad en IA","¿Qué hace Amazon Inspector?","Análisis automatizado de vulnerabilidades.","basic","deck::ia-practitioner topic::responsabilidad-cumplimiento-gobernanza-y-seguridad-en-ia card::basic",""
"IA Practitioner","Responsabilidad, Cumplimiento, Gobernanza y Seguridad en IA","¿Qué ofrece AWS Trusted Advisor?","Recomendaciones de seguridad, rendimiento y costes.","basic","deck::ia-practitioner topic::responsabilidad-cumplimiento-gobernanza-y-seguridad-en-ia card::basic",""
"IA Practitioner","Responsabilidad, Cumplimiento, Gobernanza y Seguridad en IA","Modelo de responsabilidad compartida: AWS protege {{c1::seguridad del cloud}}; cliente protege {{c2::seguridad dentro del cloud}}.","","cloze","deck::ia-practitioner topic::responsabilidad-cumplimiento-gobernanza-y-seguridad-en-ia card::cloze",""
